construct,family,samp,pearson_lah_ms2_avg,sequence_roi,ROI length
3044-O-flank_1=hp1-DB,hp1,470,0.9102710818237093,GATATTCGAAAGAATATCT,19
3046-O-flank_1=hp1-DB,hp1,470,0.9023953718100992,ATATTCGAAAGAATATC,17
3047-O-flank_1=hp1-DB,hp1,470,0.8739617545431477,TATTCGAAAGAATAT,15
3050-O-flank_1=hp1-DB,hp1,470,0.2633601484918422,TCGAAAGAA,9
3052-O-flank_1=hp1-DB,hp1,470,0.9107125044143695,GAAAG,5
3053-O-flank_1=hp1-DB,hp1,470,0.8955065304246492,AAA,3
3060-O-flank_1=hp2-DB,hp2,470,0.9294821319067527,ATTGATCACAATG,13
3065-O-flank_1=hp2-DB,hp2,470,0.8432552112401598,TCA,3
3066-O-flank_1=hp3-DB,hp3,470,0.8834982544857323,CGATCTGATTACTCAGATCGA,21
3068-O-flank_1=hp3-DB,hp3,470,0.8993625840630334,GATCTGATTACTCAGATCG,19
3072-O-flank_1=hp3-DB,hp3,470,0.9235661432639762,CTGATTACTCAGA,13
3074-O-flank_1=hp3-DB,hp3,470,0.9153213707872007,GATTACTCA,9
3075-O-flank_1=hp3-DB,hp3,470,0.8715923605594103,ATTACTC,7
3076-O-flank_1=hp3-DB,hp3,470,0.7910905752393104,TTACT,5
3082-O-flank_1=hp4-DB,hp4,470,0.9103035134661881,AAGCTGTTCGCAGTTTC,17
3083-O-flank_1=hp4-DB,hp4,470,0.8786560523218874,AGCTGTTCGCAGTTT,15
3084-O-flank_1=hp4-DB,hp4,470,0.8994868409837989,GCTGTTCGCAGTT,13
3085-O-flank_1=hp4-DB,hp4,470,0.9284504731960335,CTGTTCGCAGT,11
3086-O-flank_1=hp4-DB,hp4,470,0.9147224478262282,TGTTCGCAG,9
3088-O-flank_1=hp4-DB,hp4,470,0.9261046653666777,TTCGC,5
3089-O-flank_1=hp4-DB,hp4,470,0.9256145844986632,TCG,3
3095-O-flank_1=hp5-DB,hp5,470,0.9272131182644809,TCCCATGACTGGGAT,15
3096-O-flank_1=hp5-DB,hp5,470,0.8721961465962679,CCCATGACTGGGA,13
3097-O-flank_1=hp5-DB,hp5,470,0.9126233337690294,CCATGACTGGG,11
3098-O-flank_1=hp5-DB,hp5,470,0.9178079220907492,CATGACTGG,9
3099-O-flank_1=hp5-DB,hp5,470,0.8975319515871942,ATGACTG,7
3102-O-flank_1=hp6-DB,hp6,470,0.9272552979469095,GCCGCAAGCTTGCTTGCGGTC,21
3106-O-flank_1=hp6-DB,hp6,470,0.9272159265052018,CGCAAGCTTGCTTGCGG,17
3109-O-flank_1=hp6-DB,hp6,470,0.9190558523718809,AAGCTTGCTTG,11
3110-O-flank_1=hp6-DB,hp6,470,0.9088722420886038,AGCTTGCTT,9
3111-O-flank_1=hp6-DB,hp6,470,0.8410258303968577,GCTTGCT,7
3112-O-flank_1=hp6-DB,hp6,470,0.9279291314522072,CTTGC,5
3113-O-flank_1=hp6-DB,hp6,470,0.9091496829905138,TTG,3
3114-O-flank_1=hp7-DB,hp7,470,0.768131521488105,CGAGGTCCGCGAGGGCCTCGC,21
3118-O-flank_1=hp7-DB,hp7,470,0.9122754438165837,AGGTCCGCGAGGGCCTC,17
3121-O-flank_1=hp7-DB,hp7,470,0.9195555815427785,TCCGCGAGGGC,11
3122-O-flank_1=hp7-DB,hp7,470,0.9291566756215687,CCGCGAGGG,9
3123-O-flank_1=hp7-DB,hp7,470,0.8918605520813884,CGCGAGG,7
3124-O-flank_1=hp7-DB,hp7,470,0.9054263546710865,GCGAG,5
3125-O-flank_1=hp7-DB,hp7,470,0.8872296175287493,CGA,3
3126-O-flank_1=hp8-DB,hp8,470,0.9170099576612919,ATACATTCAAGGATGAATGTATA,23
3130-O-flank_1=hp8-DB,hp8,470,0.9321041116779656,ACATTCAAGGATGAATGTA,19
3131-O-flank_1=hp8-DB,hp8,470,0.9107170618410385,CATTCAAGGATGAATGT,17
3134-O-flank_1=hp8-DB,hp8,470,0.895441470685532,TCAAGGATGAA,11
3136-O-flank_1=hp8-DB,hp8,470,0.9294989300476982,AAGGATG,7
3137-O-flank_1=hp8-DB,hp8,470,0.9083100945312438,AGGAT,5
3138-O-flank_1=hp9-DB,hp9,470,0.9259604526684452,TTCTAACGTTACGTTAGAAT,20
3147-O-flank_1=hp9-DB,hp9,470,0.9170923024902745,GTTACG,6
3148-O-flank_1=hp9-DB,hp9,470,0.8419730189024321,TTAC,4
3151-O-flank_1=hp10-DB,hp10,470,0.7981120472831874,GACTTGTAACATAAGTCT,18
3153-O-flank_1=hp10-DB,hp10,470,0.8489190598917538,ACTTGTAACATAAGTC,16
3154-O-flank_1=hp10-DB,hp10,470,0.8888687651366697,CTTGTAACATAAGT,14
3155-O-flank_1=hp10-DB,hp10,470,0.8999895705066491,TTGTAACATAAG,12
3158-O-flank_1=hp10-DB,hp10,470,0.9279332246431885,TAACAT,6
3159-O-flank_1=hp10-DB,hp10,470,0.8980527631251709,AACA,4
3161-O-flank_1=hp11-DB,hp11,470,0.9300098961654799,CTGATCCAGTTCTATGGATCAGC,23
3166-O-flank_1=hp11-DB,hp11,470,0.900137000641124,ATCCAGTTCTATGGATC,17
3167-O-flank_1=hp11-DB,hp11,470,0.9233996508871976,TCCAGTTCTATGGAT,15
3168-O-flank_1=hp11-DB,hp11,470,0.8669136580491221,CCAGTTCTATGGA,13
3169-O-flank_1=hp11-DB,hp11,470,0.9264522695107488,CAGTTCTATGG,11
3172-O-flank_1=hp11-DB,hp11,470,0.9319725520371194,TTCTA,5
3183-O-flank_1=hp12-DB,hp12,470,0.829687269408692,CGGC,4
3184-O-flank_1=hp12-DB,hp12,470,0.8055531268949331,GG,2
3191-O-flank_1=hp13-DB,hp13,470,0.8162520376975867,ATCGCAGTGACGATG,15
3192-O-flank_1=hp13-DB,hp13,470,0.46117562113924576,TCGCAGTGACGAT,13
3193-O-flank_1=hp13-DB,hp13,470,0.9171299637841392,CGCAGTGACGA,11
3194-O-flank_1=hp13-DB,hp13,470,0.8935414987761664,GCAGTGACG,9
3195-O-flank_1=hp13-DB,hp13,470,0.8725624708683141,CAGTGAC,7
3196-O-flank_1=hp13-DB,hp13,470,0.9261351224745533,AGTGA,5
3197-O-flank_1=hp14-DB,hp14,470,0.914779649121357,GTGCCAGCGCAGCTGGCACG,20
3205-O-flank_1=hp14-DB,hp14,470,0.8953747171128463,GCGCAGCT,8
3206-O-flank_1=hp14-DB,hp14,470,0.9249650343791072,CGCAGC,6
3207-O-flank_1=hp14-DB,hp14,470,0.929723450519259,GCAG,4
3208-O-flank_1=hp14-DB,hp14,470,0.8714421010594581,CA,2
3209-O-flank_1=cb1-DB,cb1,470,0.74985374070128,TCATGCTGATCACAGCATGAC,21
3215-O-flank_1=cb1-DB,cb1,470,0.9317741035994647,GCTGATCACAGCA,13
3216-O-flank_1=cb1-DB,cb1,470,0.8857037713950764,CTGATCACAGC,11
3219-O-flank_1=cb1-DB,cb1,470,0.8509249590934415,ATCAC,5
3220-O-flank_1=cb1-DB,cb1,470,0.9258945581081023,TCA,3
3226-O-flank_1=cb2-DB,cb2,470,0.9218633247480871,TGCTAATCATAGCAT,15
3229-O-flank_1=cb2-DB,cb2,470,0.9271829585553756,TAATCATAG,9
3230-O-flank_1=cb2-DB,cb2,470,0.9248521061450077,AATCATA,7
3232-O-flank_1=cb2-DB,cb2,470,0.9209831073862649,TCA,3
3235-O-flank_1=cb3-DB,cb3,470,0.9149891261069635,CATGCTGATCATAGCATGA,19
3237-O-flank_1=cb3-DB,cb3,470,0.9018716945018493,ATGCTGATCATAGCATG,17
3240-O-flank_1=cb3-DB,cb3,470,0.9184009736770444,CTGATCATAGC,11
3241-O-flank_1=cb3-DB,cb3,470,0.9208313626107595,TGATCATAG,9
3243-O-flank_1=cb3-DB,cb3,470,0.8896527686212489,ATCAT,5
3244-O-flank_1=cb3-DB,cb3,470,0.9190536532805804,TCA,3
3245-O-flank_1=cb4-DB,cb4,470,0.8037814777228206,TCATGCTGATCACAGCATGAG,21
3247-O-flank_1=cb4-DB,cb4,470,0.9141048117193394,CATGCTGATCACAGCATGA,19
3251-O-flank_1=cb4-DB,cb4,470,0.7246047919962519,GCTGATCACAGCA,13
3254-O-flank_1=cb4-DB,cb4,470,0.8938184267271002,GATCACA,7
3255-O-flank_1=cb4-DB,cb4,470,0.8773541119976926,ATCAC,5
3257-O-flank_1=cb5-DB,cb5,470,0.9050824126756983,TCATGCTGATCACAGCATGAT,21
3263-O-flank_1=cb5-DB,cb5,470,0.9293440137482201,GCTGATCACAGCA,13
3266-O-flank_1=cb5-DB,cb5,470,0.7153525474585083,GATCACA,7
3268-O-flank_1=cb5-DB,cb5,470,0.9228674618945265,TCA,3
3276-O-flank_1=cb6-DB,cb6,470,0.917784215503235,CTGATCACAGC,11
3278-O-flank_1=cb6-DB,cb6,470,0.9227462935685964,GATCACA,7
3280-O-flank_1=cb6-DB,cb6,470,0.930350025022043,TCA,3
3285-O-flank_1=cb7-DB,cb7,470,0.8837567043258129,AGACTCTTCGGAGTCTG,17
3286-O-flank_1=cb7-DB,cb7,470,0.8385348794306392,GACTCTTCGGAGTCT,15
3287-O-flank_1=cb7-DB,cb7,470,0.9187947705615521,ACTCTTCGGAGTC,13
3289-O-flank_1=cb7-DB,cb7,470,0.8536068660337838,TCTTCGGAG,9
3290-O-flank_1=cb7-DB,cb7,470,0.9175661933352386,CTTCGGA,7
3291-O-flank_1=cb7-DB,cb7,470,0.9189921868477556,TTCGG,5
3292-O-flank_1=cb7-DB,cb7,470,0.839370212791937,TCG,3
3293-O-flank_1=cb8-DB,cb8,470,0.848168253923023,GCAGACTTTTCGAAGTCTGCT,21
3295-O-flank_1=cb8-DB,cb8,470,0.6306319638308824,CAGACTTTTCGAAGTCTGC,19
3297-O-flank_1=cb8-DB,cb8,470,0.8865848617727984,AGACTTTTCGAAGTCTG,17
3298-O-flank_1=cb8-DB,cb8,470,0.9078730454844802,GACTTTTCGAAGTCT,15
3300-O-flank_1=cb8-DB,cb8,470,0.9077775162961743,CTTTTCGAAGT,11
3301-O-flank_1=cb8-DB,cb8,470,0.9178397344735788,TTTTCGAAG,9
3302-O-flank_1=cb8-DB,cb8,470,0.8073584129015957,TTTCGAA,7
3304-O-flank_1=cb8-DB,cb8,470,0.9188531673463521,TCG,3
3305-O-flank_1=cb9-DB,cb9,470,0.9033242754413097,GCAGACTTTTCGGAGTCTGCT,21
3307-O-flank_1=cb9-DB,cb9,470,0.8575526775226148,CAGACTTTTCGGAGTCTGC,19
3309-O-flank_1=cb9-DB,cb9,470,0.906759623930065,AGACTTTTCGGAGTCTG,17
3310-O-flank_1=cb9-DB,cb9,470,0.9270906463488553,GACTTTTCGGAGTCT,15
3311-O-flank_1=cb9-DB,cb9,470,0.9271713539197464,ACTTTTCGGAGTC,13
3312-O-flank_1=cb9-DB,cb9,470,0.9275882406985273,CTTTTCGGAGT,11
3313-O-flank_1=cb9-DB,cb9,470,0.6021968705725883,TTTTCGGAG,9
3314-O-flank_1=cb9-DB,cb9,470,0.8475037984447151,TTTCGGA,7
3316-O-flank_1=cb9-DB,cb9,470,0.9150636820814804,TCG,3
3317-O-flank_1=cb10-DB,cb10,470,0.9250170782677347,GCAGACTCTTCGGAGTCTGCC,21
3322-O-flank_1=cb10-DB,cb10,470,0.9254409047329121,GACTCTTCGGAGTCT,15
3323-O-flank_1=cb10-DB,cb10,470,0.874122297509468,ACTCTTCGGAGTC,13
3324-O-flank_1=cb10-DB,cb10,470,0.9156720512475701,CTCTTCGGAGT,11
3326-O-flank_1=cb10-DB,cb10,470,0.8266347909088756,CTTCGGA,7
3327-O-flank_1=cb10-DB,cb10,470,0.902703374160522,TTCGG,5
3329-O-flank_1=cb11-DB,cb11,470,0.9196072569064452,GCAGACTCTTCGGAGTCTGCA,21
3331-O-flank_1=cb11-DB,cb11,470,0.9201705180256091,CAGACTCTTCGGAGTCTGC,19
3333-O-flank_1=cb11-DB,cb11,470,0.8955426048569676,AGACTCTTCGGAGTCTG,17
3335-O-flank_1=cb11-DB,cb11,470,0.8724892101992254,ACTCTTCGGAGTC,13
3336-O-flank_1=cb11-DB,cb11,470,0.9000044101750417,CTCTTCGGAGT,11
3338-O-flank_1=cb11-DB,cb11,470,0.9131750561560644,CTTCGGA,7
3340-O-flank_1=cb11-DB,cb11,470,0.9243094235541962,TCG,3
3346-O-flank_1=cb12-DB,cb12,470,0.9119368866431355,GACTCTTCGGAGTCT,15
3347-O-flank_1=cb12-DB,cb12,470,0.9114405204900852,ACTCTTCGGAGTC,13
3348-O-flank_1=cb12-DB,cb12,470,0.8831347774733238,CTCTTCGGAGT,11
3349-O-flank_1=cb12-DB,cb12,470,0.8945561918103648,TCTTCGGAG,9
3350-O-flank_1=cb12-DB,cb12,470,0.9112433779767577,CTTCGGA,7
3351-O-flank_1=cb12-DB,cb12,470,0.9140649525355674,TTCGG,5
3352-O-flank_1=cb12-DB,cb12,470,0.9192261078778327,TCG,3
3353-O-flank_1=lp1-DB,lp1,470,0.8836017643526172,TCATGCTGGAACAGCATGAC,20
3357-O-flank_1=lp1-DB,lp1,470,0.9242051952017143,ATGCTGGAACAGCATG,16
3360-O-flank_1=lp1-DB,lp1,470,0.6395272298056471,CTGGAACAGC,10
3361-O-flank_1=lp1-DB,lp1,470,0.648170376580674,TGGAACAG,8
3363-O-flank_1=lp1-DB,lp1,470,0.8559084573955835,GAAC,4
3364-O-flank_1=lp1-DB,lp1,470,0.911656640109491,AA,2
3369-O-flank_1=lp2-DB,lp2,470,0.9260036643904591,ATGCTGCTTGCAGCATG,17
3370-O-flank_1=lp2-DB,lp2,470,0.8007987226505291,TGCTGCTTGCAGCAT,15
3372-O-flank_1=lp2-DB,lp2,470,0.9109603511602029,CTGCTTGCAGC,11
3373-O-flank_1=lp2-DB,lp2,470,0.9167124623206119,TGCTTGCAG,9
3374-O-flank_1=lp2-DB,lp2,470,0.8833659055277733,GCTTGCA,7
3375-O-flank_1=lp2-DB,lp2,470,0.9130380159226703,CTTGC,5
3376-O-flank_1=lp2-DB,lp2,470,0.7204848837217189,TTG,3
3381-O-flank_1=lp3-DB,lp3,470,0.925587424339652,ATGCTGATTACAGCATG,17
3382-O-flank_1=lp3-DB,lp3,470,0.922363784412329,TGCTGATTACAGCAT,15
3385-O-flank_1=lp3-DB,lp3,470,0.8214612695688955,TGATTACAG,9
3387-O-flank_1=lp3-DB,lp3,470,0.8172954015098034,ATTAC,5
3388-O-flank_1=lp3-DB,lp3,470,0.9145043598141532,TTA,3
3391-O-flank_1=lp4-DB,lp4,470,0.8834237753396585,CATGCTGCTCAACAGCATGA,20
3393-O-flank_1=lp4-DB,lp4,470,0.8198078925496871,ATGCTGCTCAACAGCATG,18
3395-O-flank_1=lp4-DB,lp4,470,0.8430253252265811,GCTGCTCAACAGCA,14
3400-O-flank_1=lp4-DB,lp4,470,0.9196465632957542,TCAA,4
3406-O-flank_1=lp5-DB,lp5,470,0.9065698469310204,TGCTGCTGGGACAGCAT,17
3407-O-flank_1=lp5-DB,lp5,470,0.7055097375220504,GCTGCTGGGACAGCA,15
3408-O-flank_1=lp5-DB,lp5,470,0.9280808100950146,CTGCTGGGACAGC,13
3409-O-flank_1=lp5-DB,lp5,470,0.9114542911380138,TGCTGGGACAG,11
3410-O-flank_1=lp5-DB,lp5,470,0.8237377208901994,GCTGGGACA,9
3411-O-flank_1=lp5-DB,lp5,470,0.9162306547339029,CTGGGAC,7
3412-O-flank_1=lp5-DB,lp5,470,0.9320412850211849,TGGGA,5
3417-O-flank_1=lp6-DB,lp6,470,0.9195682700531427,ATGCTGTGAGATCAGCATG,19
3418-O-flank_1=lp6-DB,lp6,470,0.9248847913594945,TGCTGTGAGATCAGCAT,17
3419-O-flank_1=lp6-DB,lp6,470,0.7996228909250428,GCTGTGAGATCAGCA,15
3420-O-flank_1=lp6-DB,lp6,470,0.9300644095680973,CTGTGAGATCAGC,13
3422-O-flank_1=lp6-DB,lp6,470,0.9269776218133311,GTGAGATCA,9
3423-O-flank_1=lp6-DB,lp6,470,0.9314553357187517,TGAGATC,7
3424-O-flank_1=lp6-DB,lp6,470,0.8838638930238981,GAGAT,5
3427-O-flank_1=lp7-DB,lp7,470,0.9052767550790797,CAGACTCGAAGAGTCTGC,18
3431-O-flank_1=lp7-DB,lp7,470,0.8738885621690717,ACTCGAAGAGTC,12
3432-O-flank_1=lp7-DB,lp7,470,0.6803585333561433,CTCGAAGAGT,10
3433-O-flank_1=lp7-DB,lp7,470,0.8852705635629887,TCGAAGAG,8
3436-O-flank_1=lp7-DB,lp7,470,0.9248098684727017,AA,2
3437-O-flank_1=lp8-DB,lp8,470,0.9288635598095707,GCAGACTCCTTGGAGTCTGCT,21
3439-O-flank_1=lp8-DB,lp8,470,0.9046768299996725,CAGACTCCTTGGAGTCTGC,19
3441-O-flank_1=lp8-DB,lp8,470,0.6266880517530472,AGACTCCTTGGAGTCTG,17
3442-O-flank_1=lp8-DB,lp8,470,0.9164370410896927,GACTCCTTGGAGTCT,15
3443-O-flank_1=lp8-DB,lp8,470,0.9037752771326226,ACTCCTTGGAGTC,13
3445-O-flank_1=lp8-DB,lp8,470,0.9140548194951034,TCCTTGGAG,9
3446-O-flank_1=lp8-DB,lp8,470,0.9115887279854035,CCTTGGA,7
3449-O-flank_1=lp9-DB,lp9,470,0.555053515277806,GCAGACTCATTAGAGTCTGCT,21
3451-O-flank_1=lp9-DB,lp9,470,0.8961373923845213,CAGACTCATTAGAGTCTGC,19
3454-O-flank_1=lp9-DB,lp9,470,0.9070296282931524,GACTCATTAGAGTCT,15
3455-O-flank_1=lp9-DB,lp9,470,0.9165288560061493,ACTCATTAGAGTC,13
3458-O-flank_1=lp9-DB,lp9,470,0.9253526743970664,CATTAGA,7
3459-O-flank_1=lp9-DB,lp9,470,0.799290887724156,ATTAG,5
3461-O-flank_1=lp10-DB,lp10,470,0.929586110867446,GCAGACTCCTCAAGAGTCTGCT,22
3465-O-flank_1=lp10-DB,lp10,470,0.9251926083462899,AGACTCCTCAAGAGTCTG,18
3466-O-flank_1=lp10-DB,lp10,470,0.9287523992917306,GACTCCTCAAGAGTCT,16
3472-O-flank_1=lp10-DB,lp10,470,0.88442132519442,TCAA,4
3475-O-flank_1=lp11-DB,lp11,470,0.8476848742976131,CAGACTCCTGGGAGAGTCTGC,21
3477-O-flank_1=lp11-DB,lp11,470,0.9185632607291477,AGACTCCTGGGAGAGTCTG,19
3478-O-flank_1=lp11-DB,lp11,470,0.9257307215981141,GACTCCTGGGAGAGTCT,17
3479-O-flank_1=lp11-DB,lp11,470,0.9291732738792545,ACTCCTGGGAGAGTC,15
3481-O-flank_1=lp11-DB,lp11,470,0.8286883857397809,TCCTGGGAGAG,11
3483-O-flank_1=lp11-DB,lp11,470,0.9092066218949036,CTGGGAG,7
3484-O-flank_1=lp11-DB,lp11,470,0.9265410566046609,TGGGA,5
3489-O-flank_1=lp12-DB,lp12,470,0.699798022227958,AGACTCTGAGATGAGTCTG,19
3490-O-flank_1=lp12-DB,lp12,470,0.9250332877210238,GACTCTGAGATGAGTCT,17
3492-O-flank_1=lp12-DB,lp12,470,0.9252107752205978,CTCTGAGATGAGT,13
3493-O-flank_1=lp12-DB,lp12,470,0.8439429364894531,TCTGAGATGAG,11
3494-O-flank_1=lp12-DB,lp12,470,0.6626773828666023,CTGAGATGA,9
3495-O-flank_1=lp12-DB,lp12,470,0.9225834018523997,TGAGATG,7
3496-O-flank_1=lp12-DB,lp12,470,0.8100473955021874,GAGAT,5
3497-O-flank_1=bi1-ms2-DB,bi1,470,0.8348133059523908,GGACTGAGGATCACCCAGTCTA,22
3502-O-flank_1=bi1-ms2-DB,bi1,470,0.9302674864715226,CTGAGGATCACCCAGT,16
3504-O-flank_1=bi1-ms2-DB,bi1,470,0.9223005822581425,GAGGATCACCCA,12
3507-O-flank_1=bi1-ms2-DB,bi1,470,0.9145462053123872,GATCACC,7
3508-O-flank_1=bi1-ms2-DB,bi1,470,0.7394241504315103,ATCAC,5
3509-O-flank_1=bi1-ms2-DB,bi1,470,0.9174363030164796,TCA,3
3510-O-flank_1=bi2-pp7-DB,bi2,470,0.9000459294384209,AAGGAGTTTATATGGAAACCCTTA,24
3515-O-flank_1=bi2-pp7-DB,bi2,470,0.9018940282482208,GAGTTTATATGGAAACCC,18
3516-O-flank_1=bi2-pp7-DB,bi2,470,0.918119517368092,AGTTTATATGGAAACC,16
3518-O-flank_1=bi2-pp7-DB,bi2,470,0.8599230711218746,TTTATATGGAAAC,13
3519-O-flank_1=bi2-pp7-DB,bi2,470,0.9239527426600572,TTATATGGAAA,11
3523-O-flank_1=bi3-tar-DB,bi3,470,0.8734996442405086,CAGATCTGAGCCTGGGAGCTCTCTGG,26
3528-O-flank_1=bi3-tar-DB,bi3,470,0.5836101958114654,ATCTGAGCCTGGGAGCTCTC,20
3530-O-flank_1=bi3-tar-DB,bi3,470,0.9143042022457489,CTGAGCCTGGGAGCTC,16
3531-O-flank_1=bi3-tar-DB,bi3,470,0.9241552431218446,TGAGCCTGGGAGCTC,15
3533-O-flank_1=bi3-tar-DB,bi3,470,0.9325742807630305,AGCCTGGGAGCTC,13
3534-O-flank_1=bi3-tar-DB,bi3,470,0.8946051805647482,GCCTGGGAGCT,11
3535-O-flank_1=bi3-tar-DB,bi3,470,0.8761028266941865,CCTGGGAGC,9
3536-O-flank_1=bi3-tar-DB,bi3,470,0.9153993354581986,CTGGGAG,7
3538-O-flank_1=bi4-rre-DB,bi4,470,0.9212192782340298,GCAGCGTCAATGACGCTGACG,21
3540-O-flank_1=bi4-rre-DB,bi4,470,0.9290900695594682,CAGCGTCAATGACGCTGAC,19
3543-O-flank_1=bi4-rre-DB,bi4,470,0.9280959819168428,AGCGTCAATGACGCTG,16
3544-O-flank_1=bi4-rre-DB,bi4,470,0.7667214173356788,GCGTCAATGACGCT,14
3545-O-flank_1=bi4-rre-DB,bi4,470,0.6222744519355546,CGTCAATGACGC,12
3546-O-flank_1=bi4-rre-DB,bi4,470,0.906479164136161,GTCAATGACG,10
3550-O-flank_1=bi4-rre-DB,bi4,470,0.9250859222595196,AT,2
3556-O-flank_1=bi5-cug-DB,bi5,470,0.8842083550242995,CTGCTGCTGCTGCTGCTGC,19
3557-O-flank_1=bi5-cug-DB,bi5,470,0.9138003154171163,TGCTGCTGCTGCTGCTG,17
3558-O-flank_1=bi5-cug-DB,bi5,470,0.9295450854433425,GCTGCTGCTGCTGCT,15
3559-O-flank_1=bi5-cug-DB,bi5,470,0.6155798920995772,CTGCTGCTGCTGC,13
3560-O-flank_1=bi5-cug-DB,bi5,470,0.9047946889913253,TGCTGCTGCTG,11
3562-O-flank_1=bi5-cug-DB,bi5,470,0.9095817940245005,CTGCTGC,7
3563-O-flank_1=bi5-cug-DB,bi5,470,0.9074706240628616,TGCTG,5
3564-O-flank_1=bi5-cug-DB,bi5,470,0.9271701307819898,GCT,3
3569-O-flank_1=bi6-cag-DB,bi6,470,0.5463510732905936,GCAGCAGCAGCAGCAGCAGCA,21
3570-O-flank_1=bi6-cag-DB,bi6,470,0.8637624701456458,CAGCAGCAGCAGCAGCAGC,19
3574-O-flank_1=bi6-cag-DB,bi6,470,0.9202480696688743,AGCAGCAGCAG,11
3576-O-flank_1=bi6-cag-DB,bi6,470,0.9143987290909886,CAGCAGC,7
3577-O-flank_1=bi6-cag-DB,bi6,470,0.913652652036999,AGCAG,5
3578-O-flank_1=bi6-cag-DB,bi6,470,0.7446502287177558,GCA,3
3591-O-flank_1=bi7-ire-DB,bi7,470,0.7152583871665665,AGTGCA,6
3604-O-flank_1=bi8-scv2-DB,bi8,470,0.8936094905786786,CCTTCCCAGGT,11
3605-O-flank_1=bi8-scv2-DB,bi8,470,0.9202375801262832,CTTCCCAGG,9
3606-O-flank_1=bi8-scv2-DB,bi8,470,0.8888238945121307,TTCCCAG,7
3607-O-flank_1=bi8-scv2-DB,bi8,470,0.9257137208341666,TCCCA,5
3608-O-flank_1=bi8-scv2-DB,bi8,470,0.9159035698622257,CCC,3
3609-O-flank_1=bi9-broc-DB,bi9,470,0.8914746498237228,TCCAGATATTCGTATCTGTCGAG,23
3611-O-flank_1=bi9-broc-DB,bi9,470,0.9193088467296539,CCAGATATTCGTATCTGTCGA,21
3614-O-flank_1=bi9-broc-DB,bi9,470,0.92289203061163,AGATATTCGTATCTGTC,17
3615-O-flank_1=bi9-broc-DB,bi9,470,0.9016755434184007,AGATATTCGTATCTGT,16
3617-O-flank_1=bi9-broc-DB,bi9,470,0.9123143684156753,GATATTCGTATCT,13
3619-O-flank_1=bi9-broc-DB,bi9,470,0.8584036337737332,TATTCGTAT,9
3620-O-flank_1=bi9-broc-DB,bi9,470,0.8283718628104554,ATTCGTA,7
3622-O-flank_1=bi9-broc-DB,bi9,470,0.9299834575234401,TCG,3
3627-O-flank_1=bi10-malat-DB,bi10,470,0.9090036950844531,GAGAAAACAACACGTATTGTTTTCTCA,27
3628-O-flank_1=bi10-malat-DB,bi10,470,0.921416758753579,AGAAAACAACACGTATTGTTTTCTC,25
3629-O-flank_1=bi10-malat-DB,bi10,470,0.6189382061428885,GAAAACAACACGTATTGTTTTCT,23
3630-O-flank_1=bi10-malat-DB,bi10,470,0.8029096994520963,AAAACAACACGTATTGTTTTC,21
3633-O-flank_1=bi10-malat-DB,bi10,470,0.8969325514869205,ACAACACGTATTGTT,15
3637-O-flank_1=bi10-malat-DB,bi10,470,0.9189578479177299,CACGTAT,7
3641-O-flank_1=bi11-hcv-DB,bi11,470,0.8568811147684232,GTCTTCCTTCGGGTCGGCA,19
3644-O-flank_1=bi11-hcv-DB,bi11,470,0.923113236266374,CTTCCTTCGGGTCGG,15
3645-O-flank_1=bi11-hcv-DB,bi11,470,0.9208523156412248,TTCCTTCGGGTCG,13
3646-O-flank_1=bi11-hcv-DB,bi11,470,0.8666039047952354,TCCTTCGGGTC,11
3649-O-flank_1=bi11-hcv-DB,bi11,470,0.9283067948519537,TTCGG,5
3650-O-flank_1=bi11-hcv-DB,bi11,470,0.9237076783443651,TCG,3
3653-O-flank_1=bi12-kshv-DB,bi12,470,0.6477627332791834,TTCGCACCGGACACCTCCAGTGACCAGACGG,31
3656-O-flank_1=bi12-kshv-DB,bi12,470,0.9247988746445834,TTCGCACCGGACACCTCCAGTGACCAGAC,29
3657-O-flank_1=bi12-kshv-DB,bi12,470,0.5874052924266395,TCGCACCGGACACCTCCAGTGACCAGA,27
3661-O-flank_1=bi12-kshv-DB,bi12,470,0.8370193701366203,ACCGGACACCTCCAGTGAC,19
3662-O-flank_1=bi12-kshv-DB,bi12,470,0.9020179975978428,ACCGGACACCTCCAGTGA,18
3664-O-flank_1=bi12-kshv-DB,bi12,470,0.9225676578052312,CCGGACACCTCCAGT,15
3665-O-flank_1=bi12-kshv-DB,bi12,470,0.9290722693516094,CGGACACCTCCAG,13
3666-O-flank_1=bi12-kshv-DB,bi12,470,0.9076483505912458,GGACACCTCCA,11
3670-O-flank_1=bi12-kshv-DB,bi12,470,0.908672361959834,ACC,3
